{
  "totals": { "clicks": 1234, "conversions": 56, "revenue": 789.10 },
  "series": [
    { "date": "2025-08-13", "clicks": 150, "conversions": 5,  "revenue": 70.5 },
    { "date": "2025-08-14", "clicks": 160, "conversions": 6,  "revenue": 80.1 },
    { "date": "2025-08-15", "clicks": 170, "conversions": 7,  "revenue": 90.0 },
    { "date": "2025-08-16", "clicks": 180, "conversions": 9,  "revenue": 110.3 },
    { "date": "2025-08-17", "clicks": 210, "conversions": 10, "revenue": 120.0 },
    { "date": "2025-08-18", "clicks": 220, "conversions": 9,  "revenue": 160.2 },
    { "date": "2025-08-19", "clicks": 270, "conversions": 10, "revenue": 157.0 }
  ]
}
